{
  "pen-human-v0": [
    0.20503517985343933,
    0.7812375426292419,
    10.0
  ],
  "pen-cloned-v0": [
    0.17244713008403778,
    0.950523316860199,
    10.0
  ],
  "pen-expert-v0": [
    0.28055107593536377,
    0.896597683429718,
    10.0
  ],
  "hammer-human-v0": [
    0.2464752346277237,
    0.5479291081428528,
    10.0
  ],
  "hammer-cloned-v0": [
    0.1378243863582611,
    0.4611486792564392,
    10.0
  ],
  "hammer-expert-v0": [
    0.2925773561000824,
    0.5861436128616333,
    10.0
  ],
  "door-human-v0": [
    0.20356552302837372,
    0.47732052206993103,
    10.0
  ],
  "door-cloned-v0": [
    0.12536950409412384,
    0.48484471440315247,
    10.0
  ],
  "door-expert-v0": [
    0.22244414687156677,
    0.4957368075847626,
    10.0
  ],
  "relocate-human-v0": [
    0.19585953652858734,
    0.37458065152168274,
    10.0
  ],
  "relocate-cloned-v0": [
    0.13644786179065704,
    0.4237765669822693,
    10.0
  ],
  "relocate-expert-v0": [
    0.2553636431694031,
    0.43128979206085205,
    10.0
  ],
  "kitchen-complete-v0": [
    0.06813441962003708,
    0.6665182113647461,
    10.0
  ],
  "kitchen-partial-v0": [
    0.06393297016620636,
    0.6698962450027466,
    10.0
  ],
  "kitchen-mixed-v0": [
    0.04293296858668327,
    0.6794354915618896,
    10.0
  ]
}
